etapa,acuracia,precisao,recall,f1,roc_auc,threshold
treino,0.7708782490893852,0.42991722394968124,0.5472825202884668,0.48155186946357287,0.7580973801907629,0.5599999999999997
teste1,0.729378996011901,0.48726467331118495,0.6381435823060189,0.5525902668759811,0.7648985683728524,0.5599999999999997
teste2_final,0.7346,0.6043016682751965,0.6425744025802668,0.6228506465823505,0.7783741841873936,0.5599999999999997
