etapa,acuracia,precisao,recall,f1,roc_auc,threshold
treino,0.7719342635397394,0.43587493216671247,0.5879588627614004,0.5006213522008949,0.7781780359616042,0.24999999999999992
teste1,0.7352028866240425,0.4958766583004661,0.668600435097897,0.5694287184765826,0.7779216529408081,0.24999999999999992
teste2_final,0.745,0.6203664848230521,0.6501979181938132,0.6349319971367215,0.7914937865847025,0.23999999999999994
